﻿Name,Character Type,Class,Strength ,Agility ,Speed,Abilities,Condition,Defense,Hit Points,Mind,Race,Adjective,Locations,Related Quests
Aarya,"NPC, Shop Owner",Robo-tech,7,18,4,Speedster,,1,39,14,Goblin,Optimistic,Aarya's Weapon Shop (https://www.notion.so/Aarya-s-Weapon-Shop-14508c44b7d7801698cbffabaa2ccff3?pvs=21),
Abba,NPC,Botanist ,17,5,4,Observant,,2,36,21,Ogre,Macho,,
Abbey,"NPC, Rainbow Guard",Botanist ,24,4,3,Unhelpful,,3,134,23,Bastian,Elderly,,
Abella,NPC,Angler,9,23,2,Armstrong,,19,177,6,Goblin,Bleeding,,
Abie,NPC,Angler,17,19,4,Talkative,,20,137,17,Esparan,Sensitive,,
Adana,"NPC, Shop Worker",Gymnast,2,21,6,Sweet Liar,,20,80,3,Human,Cautious,,
Addeson,NPC,Writer,14,16,4,Armstrong,,3,24,15,Fairy,Elderly,,
Addie,NPC,Time Caster,18,19,3,Sweet Liar,,9,3,16,Luskin,Macho,,
Addy,NPC,Surgeon,25,6,6,Speedster,,12,53,23,Technokin,Serious,,
Addyson,NPC,Artist,24,22,2,Sweet Liar,,5,189,5,Ogre,Pessimistic,,
Adel,NPC,Artist,26,4,6,Armstrong,,6,99,14,Luskin,Scared,,
Aden,NPC,Artist,23,25,5,Armstrong,,4,177,9,Goblin,Scared,,
Adison,"NPC, Shop Worker",Gymnast,14,1,6,Truth Seeker,,17,6,12,Esparan,Serious,,
Adrian,"NPC, Rainbow Guard",Writer,20,17,2,Talkative,,20,181,9,Ethalins,Cautious,,
Aeriel,NPC,Artist,2,18,5,Keen Eyes,,8,178,15,Luskin,Optimistic,,
Aero,NPC,Writer,21,19,7,Speedster,,16,99,17,Human,Shy,,
Aether,NPC,Surgeon,7,9,4,Truth Seeker,,20,172,25,Esparan,Cautious,,
Aidan,NPC,Preceptor,18,19,3,Talkative,,3,94,14,Bastian,Cautious,,
Ailen,NPC,Botanist ,15,21,3,Unhelpful,,8,8,14,Ogre,Optimistic,,
Aime,NPC,Time Caster,2,23,2,Stubborn,,7,140,18,Boktonian,Slimy,,
Aindrea,"NPC, Shop Worker",Time Caster,19,13,3,Speedster,,11,90,2,Bastian,Greedy,,
Ainslee,NPC,Animal Trainer,13,15,2,Speedster,,20,162,14,Boktonian,Optimistic,,
Robin,"NPC, Quest, Sewer Dweller",Angler,14,16,3,Nimble,,2,83,25,Luskin,Small,,
Akari,"NPC, Shop Owner",Angler,25,5,3,Talkative,,3,149,12,Fairy,Sensitive,The Hut Shop (https://www.notion.so/The-Hut-Shop-ec01a27fd8414e7f8360a6b9eaab00fb?pvs=21),
Akira,NPC,Gymnast,2,7,5,Talkative,,14,100,5,Human,Serious,,
Akoni,NPC,Chef,15,19,3,Keen Eyes,,2,34,12,Goblin,Sensitive,,
Al,NPC,Robo-tech,16,23,5,Truth Seeker,,15,155,6,Goblin,Scared,,
Alaia,NPC,Robo-tech,24,11,3,Super Taster,,13,17,7,Technokin,Sensitive,,
Alair,NPC,Angler,22,17,6,Truth Seeker,,15,100,14,Human,Sensitive,,
Alaire,"NPC, Sewer Dweller, Shop Owner",Preceptor,14,6,3,Observant,,8,64,25,Luskin,Sensitive,,
Alasdair,NPC,Surgeon,12,11,4,Speedster,,15,83,5,Ogre,Serious,,
Alaska,NPC,Writer,22,23,1,Nimble,,20,10,21,Luskin,Bleeding,,
Alastair,"NPC, Shop Owner",Time Caster,19,5,6,Truth Seeker,,3,123,12,Esparan,Pessimistic,Alluring Bookshop (https://www.notion.so/Alluring-Bookshop-8bbc5b17d9b846bdb2f2b4f9610ecf84?pvs=21),
Alba,NPC,Botanist ,5,16,5,Talkative,,12,137,15,Luskin,Serious,,
Alcie,NPC,Botanist ,14,12,6,Speedster,,11,93,10,Esparan,Macho,,
Alder,NPC,Gymnast,19,21,2,Unhelpful,,11,171,6,Goblin,Serious,,
Alessi,NPC,Writer,9,7,2,Observant,,17,19,17,Ethalins,Scared,,
Alex,"NPC, Shop Owner",Chef,19,4,1,Observant,,6,67,24,Esparan,Macho,Alex’s Mocho Shopo (https://www.notion.so/Alex-s-Mocho-Shopo-7a79cb80ce0c41938f358e26aa82b885?pvs=21),Eating competition (https://www.notion.so/Eating-competition-9bd94e59245140b291bac5993b2886f3?pvs=21)
Alexandre,NPC,Animal Trainer,18,20,4,Truth Seeker,,9,94,17,Human,Serious,,
Alexi,NPC,Writer,19,9,5,Stubborn,,6,126,19,Esparan,Cautious,,
Alexis,"NPC, Shop Owner",Time Caster,20,4,7,Speedster,,20,93,7,Luskin,Macho,Information Station (https://www.notion.so/Information-Station-5b3d28a9933f48df95965281ebd8859b?pvs=21),
Alexus,NPC,Angler,20,6,5,Nimble,,17,70,11,Human,Bleeding,,
Alfa,"NPC, Shop Owner",Surgeon,2,18,7,Truth Seeker,,12,80,9,Luskin,Pessimistic,Alfa's Rare Pet Shop (https://www.notion.so/Alfa-s-Rare-Pet-Shop-73a93c8657c545f58f574003092e5787?pvs=21),
Alika,NPC,Writer,8,17,5,Unhelpful,,19,107,25,Goblin,Serious,,
Alin,NPC,Angler,12,4,2,Nimble,,2,181,7,Ogre,Serious,,
Alison,"NPC, Shop Owner",Botanist ,18,4,6,Truth Seeker,,3,29,18,Boktonian,Macho,Bubbling Brewery (https://www.notion.so/Bubbling-Brewery-6370bdc34f8e42bab03095026789036b?pvs=21),
Alley,NPC,Time Caster,11,23,7,Speedster,,11,143,24,Bastian,Macho,,
Allie,"NPC, Shop Owner",Robo-tech,18,5,7,Keen Eyes,,13,21,23,Fairy,Strong,Allie’s Specialties (https://www.notion.so/Allie-s-Specialties-061412b3b7ba40fd8a5f79388b356f02?pvs=21),
Allison,"NPC, Shop Owner",Robo-tech,7,6,1,Unhelpful,,20,48,5,Boktonian,Optimistic,Potbelly Armory  (https://www.notion.so/Potbelly-Armory-6acc9987c7314c7c9d6b9651dd1e1fe2?pvs=21),
Alma,"NPC, Rainbow Guard",Gymnast,10,2,4,Nimble,,9,9,24,Goblin,Sensitive,,The Stickler (https://www.notion.so/The-Stickler-318f30c5d0344eedbcec0af79bbb9cbb?pvs=21)
Almas,NPC,Writer,23,20,4,Talkative,,7,27,24,Esparan,Scared,,
Almond,NPC,Chef,21,24,6,Talkative,,16,23,1,Luskin,Serious,,
Alpha,NPC,Gymnast,21,17,1,Keen Eyes,,20,58,13,Ethalins,Macho,,
Alston,NPC,Animal Trainer,4,1,4,Observant,,17,135,17,Bastian,Scared,,
Alta,"NPC, Shop Owner",Gymnast,9,8,1,Stubborn,,1,183,4,Esparan,Pessimistic,,
Altair,NPC,Robo-tech,4,4,4,Sweet Liar,,13,67,25,Fairy,Serious,,
Alva,NPC,Surgeon,17,17,4,Keen Eyes,,15,31,19,Bastian,Macho,,
Alyn,NPC,Artist,14,22,7,Speedster,,9,69,20,Luskin,Cautious,,
Amahl,NPC,Writer,4,8,5,Observant,,5,149,15,Fairy,Optimistic,,
Aman,NPC,Preceptor,10,12,2,Speedster,,11,57,9,Luskin,Cautious,,
Amani,NPC,Robo-tech,12,24,4,Super Taster,,18,63,22,Luskin,Optimistic,,
Amar,NPC,Preceptor,11,21,1,Unhelpful,,2,44,17,Luskin,Macho,,
Amari,NPC,Botanist ,9,14,6,Nimble,,7,94,20,Ogre,Young,,
Amil,NPC,Surgeon,4,13,5,Sweet Liar,,12,13,16,Technokin,Macho,,
Amore,NPC,Surgeon,1,7,2,Unhelpful,,2,131,19,Fairy,Pessimistic,,
Amos,NPC,Angler,6,7,1,Stubborn,,12,148,17,Ethalins,Macho,,
Amryn,NPC,Artist,24,11,4,Keen Eyes,,17,38,23,Ogre,Cautious,,
Anaika,NPC,Preceptor,21,14,4,Stubborn,,3,12,6,Boktonian,Elderly,,
Andee,NPC,Angler,24,18,4,Armstrong,,1,118,22,Bastian,Elderly,,
Anderson,NPC,Chef,25,2,2,Super Taster,,12,45,5,Fairy,Cautious,,
Andie,NPC,Gymnast,22,10,2,Unhelpful,,20,133,18,Boktonian,Elderly,,
Andrea,NPC,Angler,10,11,3,Armstrong,,12,171,7,Bastian,Cautious,,
Andy,"NPC, Shop Owner",Robo-tech,15,18,5,Sweet Liar,,13,167,13,Technokin,Pessimistic,The Quasar (https://www.notion.so/The-Quasar-eaaac406c1a4440094e27b45997aad7b?pvs=21),
Ange,NPC,Botanist ,7,13,2,Nimble,,19,59,1,Human,Sensitive,,
Angel,NPC,Time Caster,12,11,4,Unhelpful,,17,169,25,Human,Sensitive,,
Angeles,NPC,Gymnast,6,12,5,Keen Eyes,,6,145,8,Luskin,Bleeding,,
Angie,NPC,Animal Trainer,18,4,5,Observant,,3,34,20,Fairy,Cautious,,
Aniston,NPC,Angler,24,4,5,Speedster,,10,53,8,Boktonian,Cautious,,
Ann,NPC,Animal Trainer,5,26,4,Observant,,18,32,24,Esparan,Scared,,
Annsley,NPC,Botanist ,14,6,4,Unhelpful,,15,76,3,Fairy,Bleeding,,
Anslea,NPC,Robo-tech,10,20,6,Armstrong,,6,108,24,Ethalins,Scared,,
Ansleigh,NPC,Time Caster,10,6,6,Speedster,,18,152,23,Bastian,Optimistic,,
Ansley,NPC,Botanist ,6,26,5,Observant,,12,127,18,Technokin,Anxious,,
Anslie,NPC,Preceptor,15,23,5,Truth Seeker,,3,160,9,Bastian,Cautious,,
Ansonia,NPC,Chef,12,16,6,Talkative,,4,51,17,Human,Scared,,
Anu,NPC,Preceptor,17,10,6,Sweet Liar,,10,107,23,Goblin,Brainy,,
Anwar,NPC,Gymnast,13,13,1,Sweet Liar,,4,118,9,Ethalins,Elderly,,
Apanii,NPC,Time Caster,18,18,2,Stubborn,,11,51,14,Technokin,Optimistic,,
Apce,NPC,Gymnast,14,11,6,Super Taster,,6,77,21,Human,Pessimistic,,
Apolina,"NPC, Shop Owner",Robo-tech,6,9,1,Nimble,,5,1,23,Bastian,Serious,The Steam & Cog Inn (https://www.notion.so/The-Steam-Cog-Inn-c9e7869f729144e783c7e13fee0ed503?pvs=21),Flag-Dang-It Catastrophe (https://www.notion.so/Flag-Dang-It-Catastrophe-10808c44b7d7804f954eee53d4b29448?pvs=21)
Ara,NPC,Preceptor,26,17,6,Unhelpful,,21,76,20,Boktonian,Friendly,,
Aragon,NPC,Gymnast,8,20,7,Talkative,,20,21,12,Technokin,Macho,,
Aram,NPC,Artist,14,6,6,Nimble,,17,119,16,Luskin,Feeble,,
Ararat,NPC,Animal Trainer,7,17,2,Truth Seeker,,11,29,21,Bastian,Sensitive,,
Arbor,NPC,Artist,11,10,3,Sweet Liar,,8,36,6,Ogre,Optimistic,,
Archer,NPC,Botanist ,17,17,3,Talkative,,20,196,4,Luskin,Feeble,,
Arda,NPC,Chef,19,11,1,Speedster,,2,179,8,Fairy,Bleeding,,
Ardell,NPC,Preceptor,5,23,5,Speedster,,14,13,16,Luskin,Bleeding,,
Arden,NPC,Writer,20,7,2,Observant,,9,191,22,Ethalins,Greedy,,
Ardin,NPC,Writer,25,15,1,Keen Eyes,,14,17,8,Fairy,Sensitive,,
Arel,NPC,Chef,15,23,4,Truth Seeker,,20,179,19,Ogre,Pessimistic,,
Aren,NPC,Gymnast,12,15,5,Nimble,,14,39,5,Ogre,Normal,,
Argi,NPC,Time Caster,20,15,3,Observant,,20,173,1,Bastian,Scared,,
Ari,NPC,Botanist ,18,25,5,Observant,,9,100,8,Human,Sensitive,,
Aria,NPC,Chef,11,9,4,Nimble,,19,15,22,Goblin,Bleeding,,
Arie,NPC,Animal Trainer,4,7,1,Keen Eyes,,14,57,3,Human,Normal,,
Ariel,NPC,Writer,19,7,6,Sweet Liar,,3,74,16,Esparan,Pessimistic,,
Ariell,NPC,Angler,6,11,1,Sweet Liar,,9,137,22,Luskin,Bleeding,,
Aries,NPC,Surgeon,16,19,6,Armstrong,,21,145,4,Ethalins,Optimistic,,
Arin,NPC,Animal Trainer,20,3,7,Super Taster,,9,13,20,Goblin,Bleeding,,
Aris,NPC,Preceptor,8,21,6,Stubborn,,19,198,10,Goblin,Cautious,,
Arlan,NPC,Time Caster,16,15,7,Talkative,,7,156,6,Ogre,Cautious,,
Arlea,NPC,Surgeon,22,4,1,Truth Seeker,,19,133,25,Fairy,Serious,,
Arleigh,NPC,Angler,16,6,5,Observant,,15,27,23,Goblin,Optimistic,,
Arlen,NPC,Robo-tech,20,7,3,Truth Seeker,,5,121,2,Technokin,Cautious,,
Arley,NPC,Artist,13,3,3,Armstrong,,8,184,2,Luskin,Agile,,
Arlie,NPC,Botanist ,6,18,2,Observant,,18,133,12,Human,Bleeding,,
Arliss,NPC,Gymnast,2,7,5,Super Taster,,9,186,2,Fairy,Macho,,
Arly,NPC,Gymnast,17,7,5,Super Taster,,18,96,19,Goblin,Strong,,
Arlyn,NPC,Robo-tech,8,9,4,Talkative,,13,144,13,Ogre,Sensitive,,
Armana,NPC,Angler,14,5,3,Super Taster,,19,105,8,Luskin,Bleeding,,
Armande,NPC,Writer,6,21,7,Truth Seeker,,4,81,22,Bastian,Young,,Dance baby dance (https://www.notion.so/Dance-baby-dance-29999dedb1344e10b99997900150eca6?pvs=21)
Armani,NPC,Artist,12,11,3,Sweet Liar,,16,78,20,Fairy,Hungry,,
Armen,NPC,Surgeon,10,14,4,Unhelpful,,13,66,22,Luskin,Elderly,,
Armonde,NPC,Animal Trainer,12,15,4,Observant,,21,188,14,Human,Normal,,
Arna,NPC,Botanist ,4,2,4,Super Taster,,5,23,5,Boktonian,Cautious,,
Arnborg,NPC,Robo-tech,13,9,2,Observant,,4,103,12,Technokin,Sensitive,,
Arnel,"NPC, Rainbow Guard",Animal Trainer,16,9,2,Keen Eyes,,17,124,4,Human,Pessimistic,,
Arnett,NPC,Angler,5,9,6,Speedster,,15,117,18,Luskin,Sensitive,,
Arnit,NPC,Animal Trainer,7,17,7,Observant,,1,33,5,Ethalins,Sensitive,,
Arra,NPC,Chef,10,5,2,Truth Seeker,,6,169,9,Human,Pessimistic,,
Arrow,NPC,Artist,25,23,5,Nimble,,7,43,19,Goblin,Greedy,,
Arryn,NPC,Angler,14,4,2,Super Taster,,15,163,21,Boktonian,Cautious,,
Artemis,NPC,Botanist ,15,14,5,Observant,,21,107,15,Boktonian,Scared,,
Artie,NPC,Time Caster,20,5,2,Unhelpful,,17,23,7,Fairy,Normal,,
Arwyn,NPC,Robo-tech,13,14,7,Observant,,7,73,19,Goblin,Bleeding,,
Ascher,NPC,Angler,15,23,3,Super Taster,,13,148,15,Fairy,Elderly,,
Ase,NPC,Time Caster,7,3,3,Speedster,,2,180,15,Fairy,Optimistic,,
Ash,NPC,Angler,4,7,6,Sweet Liar,,8,194,17,Ethalins,Scared,,
Ashbie,NPC,Artist,15,7,3,Talkative,,8,117,14,Esparan,Optimistic,,
Ashby,NPC,Writer,21,16,5,Unhelpful,,17,97,8,Technokin,Cautious,,
Asheley,NPC,Preceptor,14,19,5,Unhelpful,,14,132,25,Boktonian,Sensitive,,
Ashely,NPC,Angler,16,3,6,Speedster,,16,161,19,Boktonian,Macho,,
Asher,NPC,Writer,11,10,5,Nimble,,19,96,13,Boktonian,Greedy,,
Ashkii,NPC,Robo-tech,13,10,7,Talkative,,13,44,16,Goblin,Serious,,
Ashlan,NPC,Animal Trainer,4,20,6,Speedster,,11,31,5,Ethalins,Macho,,
Ashleigh,NPC,Botanist ,22,6,2,Keen Eyes,,11,46,25,Goblin,Greedy,,
Ashlen,NPC,Robo-tech,22,14,3,Speedster,,12,78,3,Ethalins,Sensitive,,
Ashley,NPC,Artist,6,16,4,Keen Eyes,,14,122,6,Fairy,Greedy,,
Ashli,NPC,Gymnast,5,16,1,Armstrong,,6,116,8,Esparan,Pessimistic,,
Ashlie,NPC,Artist,10,20,7,Stubborn,,13,2,21,Luskin,Bleeding,,
Ashlin,NPC,Chef,16,21,6,Super Taster,,15,7,4,Luskin,Elderly,,
Ashlinn,NPC,Writer,13,15,2,Sweet Liar,,14,178,21,Esparan,Macho,,
Ashly,NPC,Chef,6,25,2,Stubborn,,16,112,18,Bastian,Sensitive,,
Ashlyn,NPC,Chef,19,4,6,Talkative,,20,39,7,Boktonian,Bleeding,,
Ashlynn,NPC,Chef,7,14,3,Armstrong,,1,161,21,Fairy,Sensitive,,
Ashten,NPC,Botanist ,26,3,7,Talkative,,13,156,5,Luskin,Cautious,,
Ashton,NPC,Time Caster,7,6,5,Speedster,,19,25,19,Luskin,Bleeding,,
Ashwin,NPC,Animal Trainer,20,4,4,Nimble,,16,60,18,Ethalins,Greedy,,
Asiri,NPC,Gymnast,26,24,7,Nimble,,8,19,9,Bastian,Serious,,
Asong,NPC,Surgeon,12,16,6,Observant,,5,83,19,Ogre,Optimistic,,
Aspen,NPC,Writer,10,26,1,Speedster,,15,100,15,Human,Normal,,
Assidy,NPC,Artist,12,14,4,Observant,,21,171,14,Boktonian,Macho,,
Astor,NPC,Writer,5,9,4,Unhelpful,,17,7,12,Esparan,Normal,,
Astoria,NPC,Time Caster,20,8,2,Truth Seeker,,2,13,3,Ethalins,Sensitive,,
Astro,NPC,Writer,16,20,6,Talkative,,19,80,19,Esparan,Macho,,
Atahualpa,NPC,Chef,11,18,7,Observant,,20,162,16,Ogre,Macho,,
Ataru,NPC,Artist,24,5,2,Unhelpful,,7,132,25,Ethalins,Greedy,,
Athenios,NPC,Angler,18,2,2,Sweet Liar,,18,186,20,Boktonian,Cautious,,
Athens,NPC,Writer,5,16,3,Sweet Liar,,17,42,24,Goblin,Pessimistic,,
Atl,NPC,Gymnast,18,6,5,Armstrong,,17,196,4,Ogre,Optimistic,,
Atlantis,NPC,Gymnast,23,24,3,Keen Eyes,,18,10,5,Esparan,Pessimistic,,
Atlas,NPC,Gymnast,11,19,4,Nimble,,16,156,21,Goblin,Optimistic,,
Atlee,NPC,Surgeon,2,9,7,Sweet Liar,,16,96,17,Esparan,Optimistic,,
Attilia,NPC,Writer,12,10,6,Observant,,13,42,14,Luskin,Sensitive,,
Auburn,NPC,Robo-tech,9,19,7,Super Taster,,17,6,16,Luskin,Serious,,
Aubury,NPC,Angler,17,22,3,Keen Eyes,,19,5,12,Ethalins,Pessimistic,,
Auden,NPC,Angler,19,3,6,Unhelpful,,8,57,2,Ethalins,Cautious,,
Audio,NPC,Robo-tech,22,19,5,Speedster,,19,185,19,Esparan,Sensitive,,
Augustine,NPC,Preceptor,13,14,1,Super Taster,,2,143,16,Luskin,Bleeding,,
Autry,NPC,Gymnast,17,2,1,Armstrong,,6,41,18,Luskin,Pessimistic,,
Avara,NPC,Time Caster,25,2,2,Super Taster,,17,8,21,Human,Frozen,,
Averel,NPC,Botanist ,22,5,7,Observant,,2,108,16,Ogre,Bleeding,,
Averey,NPC,Botanist ,15,17,1,Speedster,,13,106,10,Bastian,Scared,,
Averi,NPC,Animal Trainer,14,5,5,Stubborn,,5,67,20,Goblin,Bleeding,,
Betty Bimbo,"Bimbo, NPC, Quest",Robo-tech,24,18,6,Keen Eyes,,17,46,13,Bastian,Friendly,,
Averill,NPC,Preceptor,3,6,5,Sweet Liar,,6,176,14,Boktonian,Sensitive,,
Avery,NPC,Angler,13,15,7,Speedster,,10,127,7,Ethalins,Serious,,
Avia,NPC,Chef,22,2,2,Keen Eyes,,7,24,26,Esparan,Sensitive,,
Aviah,NPC,Writer,8,17,7,Keen Eyes,,16,158,22,Luskin,Pessimistic,,
Avital,NPC,Preceptor,24,10,1,Talkative,,15,110,17,Luskin,Elderly,,
Avri,NPC,Botanist ,20,1,6,Unhelpful,,14,110,4,Bastian,Normal,,
Avyn,NPC,Time Caster,18,9,6,Armstrong,,11,188,3,Luskin,Optimistic,,
Axe,NPC,Surgeon,10,26,6,Observant,,11,86,25,Boktonian,Pessimistic,,
Ayaan,NPC,Angler,19,17,5,Nimble,,8,81,5,Bastian,Scared,,
Aydan,"NPC, Quest, Shop Owner",Angler,21,12,6,Talkative,,18,69,15,Ethalins,Pessimistic,Armorific (https://www.notion.so/Armorific-14508c44b7d780f99d25d133aef259ac?pvs=21),
Aydrian,NPC,Animal Trainer,9,24,6,Talkative,,10,194,5,Luskin,Optimistic,,
Aylen,NPC,Time Caster,9,14,6,Super Taster,,19,138,9,Luskin,Serious,,
Aynslee,NPC,Animal Trainer,12,24,2,Keen Eyes,,13,132,7,Technokin,Serious,,
Aynsley,NPC,Angler,24,25,2,Super Taster,,10,40,6,Human,Elderly,,
Ayven,NPC,Angler,17,23,5,Talkative,,4,93,2,Human,Optimistic,,
Azael,NPC,Chef,15,6,1,Keen Eyes,,11,53,20,Bastian,Bleeding,,
Azania,NPC,Angler,15,7,5,Nimble,,7,161,17,Goblin,Elderly,,
Azaria,NPC,Surgeon,21,10,1,Observant,,9,157,12,Technokin,Frozen,,
Azure,NPC,Preceptor,4,24,4,Keen Eyes,,16,176,14,Goblin,Friendly,,
Azusa,NPC,Chef,10,9,4,Keen Eyes,,2,43,4,Ogre,Cautious,,
Bailey,NPC,Time Caster,1,8,6,Observant,,8,139,6,Boktonian,Sensitive,,
Balam,NPC,Writer,26,7,6,Sweet Liar,,10,25,18,Ogre,Serious,,
Banksy,NPC,Time Caster,16,10,5,Stubborn,,7,133,13,Esparan,Sensitive,,
Barbra,NPC,Preceptor,14,21,6,Unhelpful,,8,166,21,Technokin,Macho,,
Barnaby,"NPC, Quest",Animal Trainer,4,16,7,Sweet Liar,,21,173,15,Human,Optimistic,Bimbo Inc. (https://www.notion.so/Bimbo-Inc-10c08c44b7d78094af82d74cdf0f6f56?pvs=21),Murder at the Station (https://www.notion.so/Murder-at-the-Station-10908c44b7d78036817dcc0389e4138c?pvs=21)
Basil,"NPC, Rainbow Guard",Time Caster,2,16,3,Keen Eyes,,9,59,19,Human,Cautious,,
Bellamy,NPC,Animal Trainer,9,8,2,Sweet Liar,,8,20,18,Ogre,Pessimistic,,
Bira,NPC,Angler,1,13,3,Speedster,,3,83,9,Bastian,Elderly,,
Bob,"NPC, Shop Owner",Animal Trainer,2,4,5,Stubborn,,10,198,13,Luskin,Serious,Archer Bob’s (https://www.notion.so/Archer-Bob-s-3a594774f3124a16ace7f3b75e089a5d?pvs=21),"Get a hair piece (https://www.notion.so/Get-a-hair-piece-0c2e1e1a63d94bdfa00794c8da3de9ad?pvs=21), The Missing Mustache (https://www.notion.so/The-Missing-Mustache-10908c44b7d780a1aa7dd71e9fad3393?pvs=21)"
Brent,NPC,Botanist ,4,23,2,Armstrong,,15,179,7,Fairy,Scared,,
Brian,NPC,Writer,11,2,1,Stubborn,,14,140,22,Technokin,Sensitive,,
Cade,NPC,Robo-tech,5,25,1,Sweet Liar,,13,109,26,Technokin,Normal,,
Calasanda,NPC,Surgeon,25,15,1,Truth Seeker,,6,196,17,Technokin,Pessimistic,,
Calfuray,NPC,Surgeon,17,11,5,Keen Eyes,,4,131,5,Esparan,Cautious,,
Calvin,NPC,Animal Trainer,14,13,1,Stubborn,,6,77,21,Bastian,Elderly,,
Cathy,NPC,Time Caster,16,22,1,Super Taster,,4,62,8,Bastian,Cautious,,
Cecilia,NPC,Preceptor,17,6,2,Observant,,11,61,14,Goblin,Bleeding,,
Cflaire,NPC,Writer,11,17,3,Armstrong,,4,4,20,Human,Scared,,
Charles,NPC,Writer,4,17,4,Unhelpful,,7,161,6,Bastian,Scared,,
Chaska,NPC,Surgeon,23,22,6,Sweet Liar,,11,181,18,Bastian,Elderly,,
Claudia,NPC,Botanist ,13,14,5,Keen Eyes,,12,3,23,Ogre,Bleeding,,
Clover,NPC,Animal Trainer,6,13,6,Nimble,,11,184,2,Ogre,Greedy,,
Colson,NPC,Artist,2,4,6,Super Taster,,16,107,2,Technokin,Macho,,
Cooper,NPC,Angler,11,16,6,Nimble,,15,157,25,Luskin,Sensitive,,
Cora,"NPC, Shop Owner",Time Caster,1,23,6,Talkative,,11,91,13,Bastian,Macho,Kraken Cora’s pet shop (https://www.notion.so/Kraken-Cora-s-pet-shop-e1bce704daf242bfad148dcc7c0eef3d?pvs=21),
Cynthia,NPC,Writer,14,25,2,Nimble,,10,172,11,Technokin,Hungry,,Moving to the Big City (https://www.notion.so/Moving-to-the-Big-City-10908c44b7d780e191abf43210c2bc6f?pvs=21)
Dasoda-hae,NPC,Angler,8,10,5,Stubborn,,7,110,17,Esparan,Optimistic,,
Dezba,NPC,Gymnast,5,13,1,Talkative,,2,13,4,Goblin,Serious,,Cooking Competition (https://www.notion.so/Cooking-Competition-10808c44b7d78081b734d14bd7bfb370?pvs=21)
Ehecatl,NPC,Botanist ,2,21,5,Nimble,,4,82,4,Boktonian,Macho,,
Eluney,"NPC, Quest",Artist,15,14,4,Observant,,11,77,13,Bastian,Normal,,Echocondria’s Talent Show (https://www.notion.so/Echocondria-s-Talent-Show-10908c44b7d780c1a54be0fe00d59f67?pvs=21)
Eve,NPC,Gymnast,19,12,3,Sweet Liar,,2,163,5,Goblin,Brainy,,
Fabian,NPC,Robo-tech,14,12,6,Talkative,,8,143,16,Luskin,Bleeding,,
Felix,NPC,Artist,1,8,7,Keen Eyes,,1,158,2,Human,Optimistic,,
Felix,NPC,Animal Trainer,14,23,5,Unhelpful,,9,118,12,Human,Pessimistic,,
Fern,NPC,Surgeon,26,25,5,Observant,,12,104,21,Fairy,Optimistic,,
Fiona,NPC,Artist,9,12,2,Nimble,,19,108,4,Fairy,Cautious,,Flowers for Power (https://www.notion.so/Flowers-for-Power-10808c44b7d780c59309ddae9e7bee06?pvs=21)
Fletcher,NPC,Surgeon,1,10,2,Unhelpful,,11,77,6,Technokin,Bleeding,,
Flora,NPC,Robo-tech,4,15,2,Keen Eyes,,21,5,24,Fairy,Bleeding,,
Florance,NPC,Gymnast,22,12,2,Keen Eyes,,3,170,23,Fairy,Normal,,Open Fishing Contract (https://www.notion.so/Open-Fishing-Contract-b2461638b8d44a4b84af435d9fa624a2?pvs=21)
Foster,NPC,Angler,19,23,3,Armstrong,,15,154,25,Bastian,Bleeding,,
Freya,NPC,Artist,9,24,3,Nimble,,1,48,18,Ogre,Big,,Letter Delivery (https://www.notion.so/Letter-Delivery-55148ebeacf7473bb52133e24feeec71?pvs=21)
Galilahi,NPC,Chef,22,11,7,Speedster,,6,50,25,Esparan,Scared,,
Gouyen,NPC,Time Caster,9,7,3,Super Taster,,6,118,7,Goblin,Sensitive,,
Goyathlay,NPC,Gymnast,4,24,7,Super Taster,,6,108,6,Luskin,Scared,,
Guwisti,NPC,Artist,19,19,3,Stubborn,,12,25,10,Ethalins,Macho,,
Hastiin,NPC,Robo-tech,2,9,4,Talkative,,3,177,8,Bastian,Pessimistic,,
Hauzini,NPC,Chef,8,6,6,Unhelpful,,20,199,21,Luskin,Egotistical,,
Hiawatha,NPC,Robo-tech,10,23,3,Armstrong,,1,183,21,Goblin,Egotistical,,
Iara,NPC,Time Caster,22,16,5,Observant,,21,39,5,Technokin,Cautious,,
Ida,NPC,Animal Trainer,16,22,4,Stubborn,,15,160,14,Goblin,Brainy,,
Iggy,NPC,Preceptor,4,15,3,Truth Seeker,,15,138,25,Human,Elderly,,
Indigo,NPC,Artist,11,23,6,Unhelpful,,1,132,16,Ethalins,Scared,,
Ingrid,NPC,Chef,25,7,3,Unhelpful,,5,19,16,Ethalins,Serious,,
Inola,NPC,Animal Trainer,23,6,3,Observant,,4,175,7,Human,Cautious,,
Inti,NPC,Gymnast,11,24,6,Speedster,,2,162,6,Goblin,Bleeding,,
Inuk,NPC,Robo-tech,9,6,4,Keen Eyes,,11,105,12,Ethalins,Macho,,
Inunnguaq,NPC,Robo-tech,20,24,5,Super Taster,,12,157,16,Fairy,Scared,,
Iqaluk ,NPC,Animal Trainer,1,17,6,Truth Seeker,,16,27,13,Technokin,Serious,,
Iracema,NPC,Writer,16,24,6,Observant,,19,162,6,Bastian,Sensitive,,
Iris,NPC,Preceptor,4,6,7,Stubborn,,15,28,19,Ethalins,Bleeding,,
Isaac,NPC,Robo-tech,13,5,6,Speedster,,3,14,9,Esparan,Feeble,,
Isabelle,NPC,Botanist ,18,23,6,Super Taster,,7,123,12,Esparan,Pessimistic,,
Isapo-Muxika,NPC,Animal Trainer,9,22,2,Super Taster,,20,12,2,Technokin,Cautious,,
Isi ,NPC,Gymnast,15,10,6,Talkative,,1,126,20,Esparan,Serious,,
Itzamna,NPC,Preceptor,20,8,6,Unhelpful,,21,81,8,Fairy,Macho,,
Itzcoatl,NPC,Robo-tech,21,22,7,Stubborn,,12,119,20,Bastian,Scared,,
Itzel,NPC,Gymnast,26,21,4,Unhelpful,,3,63,18,Human,Cautious,,
Ivaana,NPC,Robo-tech,4,18,5,Talkative,,16,128,15,Esparan,Cautious,,
Ivaaq,NPC,Gymnast,21,14,2,Keen Eyes,,3,71,2,Human,Agile,,
Ivalu,NPC,Writer,6,21,7,Speedster,,6,176,21,Fairy,Bleeding,,
Ivan,NPC,Artist,11,13,3,Keen Eyes,,7,143,17,Esparan,Macho,,
Ixchel,NPC,Botanist ,18,2,2,Keen Eyes,,13,58,21,Boktonian,Sensitive,,
Jacira,NPC,Writer,21,2,1,Unhelpful,,13,50,16,Luskin,Cautious,,Lost Books (https://www.notion.so/Lost-Books-10908c44b7d7805ab99af3ad0d9d7cfd?pvs=21)
Jeruti,NPC,Chef,17,10,6,Unhelpful,,15,188,8,Esparan,Macho,,
Kafka,NPC,Chef,8,12,4,Talkative,,13,42,16,Goblin,Serious,,
Kai,NPC,Surgeon,23,9,3,Sweet Liar,,10,156,15,Ethalins,Optimistic,,
Kantuta,NPC,Botanist ,11,9,2,Stubborn,,17,189,25,Esparan,Sensitive,,
Kat,NPC,Preceptor,8,2,5,Unhelpful,,7,186,1,Luskin,Macho,,
Kauã,NPC,Artist,25,10,5,Nimble,,6,169,6,Luskin,Serious,,
Kauan,NPC,Animal Trainer,23,7,7,Sweet Liar,,17,74,5,Technokin,Pessimistic,,
Kayla,NPC,Angler,25,5,6,Speedster,,4,198,17,Goblin,Anxious,,
Kevin,NPC,Artist,14,14,6,Sweet Liar,,20,76,25,Fairy,Cautious,,Dragon Scales Needed (https://www.notion.so/Dragon-Scales-Needed-2c313d0b2ee245d7801ebc50298904da?pvs=21)
Kiera,NPC,Angler,9,6,3,Stubborn,,17,14,18,Esparan,Optimistic,,
Killa,NPC,Robo-tech,12,16,6,Talkative,,17,23,9,Esparan,Macho,,
Kimimela,NPC,Artist,16,11,6,Super Taster,,10,130,23,Ethalins,Optimistic,,
Kimmernaq,NPC,Chef,8,7,1,Sweet Liar,,4,114,17,Fairy,Pessimistic,,
Kisecawchuck,NPC,Animal Trainer,3,1,5,Stubborn,,18,56,9,Boktonian,Big,,
Kit,NPC,Gymnast,11,2,3,Truth Seeker,,11,193,24,Ogre,Serious,,
Klah,NPC,Botanist ,21,7,7,Keen Eyes,,2,171,25,Goblin,Cautious,,
Lautaro,NPC,Chef,25,9,2,Keen Eyes,,17,34,15,Goblin,Optimistic,,
Lena,NPC,Animal Trainer,15,6,2,Nimble,,19,88,14,Boktonian,Elderly,,
Lensworth,NPC,Surgeon,22,20,6,Armstrong,,9,29,23,Fairy,Optimistic,,
Leo,NPC,Robo-tech,2,26,3,Nimble,,7,138,14,Luskin,Sensitive,,
Liam,NPC,Preceptor,17,14,3,Truth Seeker,,3,2,5,Boktonian,Pessimistic,,Weird Food Requests (https://www.notion.so/Weird-Food-Requests-10908c44b7d78012af2be4a758fbc881?pvs=21)
Licarayen,NPC,Preceptor,5,23,4,Speedster,,13,194,4,Boktonian,Cautious,,
Lilith,NPC,Robo-tech,23,10,4,Armstrong,,20,28,17,Human,Scared,,
Lillian,NPC,Robo-tech,8,24,1,Keen Eyes,,5,168,15,Boktonian,Cautious,,Group Dance Off (https://www.notion.so/Group-Dance-Off-10908c44b7d780e4b9dcc3a2f40dcc46?pvs=21)
Liwen ,NPC,Chef,24,10,4,Keen Eyes,,18,69,1,Luskin,Macho,,
Lockheart,NPC,Preceptor,17,23,5,Sweet Liar,,16,15,24,Ogre,Sensitive,,
Logan,NPC,Gymnast,17,5,5,Keen Eyes,,20,81,11,Human,Sensitive,,Rabbit in the Woods (https://www.notion.so/Rabbit-in-the-Woods-10908c44b7d780c0a634ee96ee65467b?pvs=21)
Lucas,NPC,Robo-tech,10,21,4,Keen Eyes,,10,51,7,Technokin,Optimistic,,
Lucian,NPC,Animal Trainer,5,11,4,Armstrong,,2,159,20,Bastian,Pessimistic,,Robot Equipment Needed (https://www.notion.so/Robot-Equipment-Needed-10808c44b7d780abba95fc69a7a63262?pvs=21)
Luna,NPC,Chef,22,6,5,Armstrong,,2,52,17,Esparan,Macho,,
Lyra,NPC,Preceptor,7,24,4,Sweet Liar,,4,40,6,Ogre,Serious,,
Mahihkan,NPC,Chef,20,18,7,Armstrong,,9,100,20,Ogre,Sensitive,,
Mahpiya ,NPC,Robo-tech,23,23,4,Nimble,,20,52,8,Boktonian,Scared,,
Maiara,NPC,Surgeon,17,13,2,Speedster,,13,66,21,Boktonian,Sensitive,,
Malinalli,NPC,Surgeon,3,24,2,Stubborn,,16,152,8,Fairy,Elderly,,
Maquinna,NPC,Writer,7,14,1,Observant,,21,144,21,Goblin,Scared,,
Maxwell,NPC,Gymnast,22,24,6,Truth Seeker,,18,121,9,Ogre,Cautious,,
Maya,NPC,Surgeon,5,22,6,Stubborn,,7,61,6,Technokin,Scared,,
Mekaisto,NPC,Gymnast,25,12,5,Observant,,12,73,2,Bastian,Elderly,,
Melody,NPC,Robo-tech,18,5,5,Truth Seeker,,16,43,4,Esparan,Slimy,,
Methoataske,NPC,Time Caster,3,22,5,Sweet Liar,,8,38,5,Ogre,Serious,,
Metztli,NPC,Chef,4,14,3,Truth Seeker,,21,162,3,Luskin,Elderly,,
Meztli,NPC,Botanist ,17,9,5,Talkative,,11,2,6,Esparan,Pessimistic,,
Mia,NPC,Surgeon,10,2,1,Speedster,,4,9,15,Fairy,Sensitive,,The Missing Sir Dratch (https://www.notion.so/The-Missing-Sir-Dratch-10908c44b7d78011b586e4ac5061cc91?pvs=21)
Micah,NPC,Angler,15,8,1,Observant,,15,88,5,Human,Elderly,,
Miigwan,NPC,Robo-tech,15,2,3,Observant,,20,91,13,Technokin,Pessimistic,,
Miillaaraq,NPC,Artist,20,23,4,Armstrong,,16,10,6,Technokin,Pessimistic,,
Mila,NPC,Botanist ,2,10,5,Unhelpful,,2,102,14,Luskin,Serious,,
Millaray,NPC,Gymnast,4,4,4,Super Taster,,16,120,6,Bastian,Cautious,,
Milo,NPC,Botanist ,15,23,1,Super Taster,,19,17,8,Human,Pessimistic,,
Minik ,NPC,Chef,23,10,3,Unhelpful,,12,117,12,Bastian,Slow,,
Miski,NPC,Time Caster,21,14,3,Speedster,,18,5,7,Ogre,Shy,,
Moacir,NPC,Angler,14,3,3,Keen Eyes,,17,79,24,Boktonian,Macho,,
Mokee,NPC,Preceptor,18,15,6,Stubborn,,12,71,13,Luskin,Sensitive,,
Nahuel,NPC,Preceptor,2,17,3,Super Taster,,20,173,23,Luskin,Cautious,,
Naiche,NPC,Time Caster,7,5,4,Observant,,7,53,18,Technokin,Cautious,,
Naira,NPC,Artist,15,21,5,Armstrong,,3,109,25,Goblin,Sensitive,,
Naja,NPC,Angler,21,24,5,Stubborn,,9,120,16,Technokin,Scared,,
Namara,NPC,Angler,22,5,3,Truth Seeker,,1,168,2,Fairy,Friendly,,
Nanabah,NPC,Robo-tech,12,11,4,Talkative,,6,144,19,Fairy,Serious,,
Nanook,NPC,Time Caster,16,19,6,Stubborn,,4,163,7,Esparan,Sensitive,,
Nanuk,NPC,Preceptor,7,5,7,Talkative,,15,129,21,Fairy,Hungry,,
Nanuq,NPC,Artist,23,23,5,Talkative,,12,15,18,Goblin,Bleeding,,
Nate,NPC,Gymnast,22,25,4,Truth Seeker,,19,22,22,Goblin,Cautious,,
Nauja,NPC,Surgeon,11,10,6,Armstrong,,13,19,12,Bastian,Bleeding,,
Nawel,NPC,Botanist ,6,10,7,Unhelpful,,6,182,21,Boktonian,Macho,,
Nayeli,NPC,Time Caster,20,18,6,Unhelpful,,7,143,20,Human,Pessimistic,,
Newen,NPC,Time Caster,10,3,6,Sweet Liar,,13,126,24,Technokin,Optimistic,,
Nicte,NPC,Chef,19,20,2,Unhelpful,,14,110,21,Goblin,Greedy,,
Nina,NPC,Artist,12,2,2,Stubborn,,17,79,2,Bastian,Elderly,,
Nindaanis,NPC,Chef,25,15,4,Truth Seeker,,4,193,19,Bastian,Sensitive,,
Nîpisiy,NPC,Time Caster,4,12,7,Truth Seeker,,13,65,5,Ethalins,Optimistic,,
Nivi,NPC,Botanist ,19,23,4,Unhelpful,,7,136,7,Human,Optimistic,,
Noodin,NPC,Angler,2,11,4,Observant,,18,58,23,Ethalins,Optimistic,,
Nora,NPC,Gymnast,8,24,1,Keen Eyes,,5,170,21,Luskin,Scared,,A Feast for all (https://www.notion.so/A-Feast-for-all-10908c44b7d780089e47ee300b8dd4cd?pvs=21)
Notah,NPC,Time Caster,24,8,1,Armstrong,,12,69,18,Fairy,Macho,,
Nova,NPC,Robo-tech,3,3,3,Keen Eyes,,3,59,25,Goblin,Bleeding,,
Nuka ,NPC,Botanist ,22,13,4,Stubborn,,21,153,14,Esparan,Cautious,,
Nyx,NPC,Artist,13,12,5,Stubborn,,1,133,10,Bastian,Serious,,
Octavia,NPC,Botanist ,6,17,5,Speedster,,14,109,25,Bastian,Serious,,
Odessa,NPC,Animal Trainer,9,10,3,Truth Seeker,,19,190,25,Esparan,Pessimistic,,
Oliver,NPC,Gymnast,6,7,6,Sweet Liar,,10,114,24,Boktonian,Elderly,,
Olivia,NPC,Artist,18,19,6,Nimble,,7,117,11,Human,Elderly,,
Opal,NPC,Artist,4,5,6,Keen Eyes,,19,81,11,Fairy,Macho,,
Orion,NPC,Surgeon,7,13,3,Keen Eyes,,20,181,6,Ethalins,Elderly,,
Oscar,NPC,Chef,5,2,5,Unhelpful,,8,68,25,Ethalins,Optimistic,,
Paige,NPC,Angler,2,17,3,Talkative,,3,173,7,Boktonian,Sensitive,,
Parker,NPC,Gymnast,20,2,6,Super Taster,,12,116,24,Fairy,Sensitive,,
Paxton,NPC,Artist,18,25,6,Super Taster,,20,195,10,Goblin,Cautious,,
Payne,NPC,Chef,4,2,7,Nimble,,4,146,12,Technokin,Serious,,
Payton,NPC,Botanist ,12,4,1,Nimble,,15,50,9,Esparan,Pessimistic,,
Pearl,NPC,Angler,6,23,2,Armstrong,,19,163,25,Goblin,Sensitive,,
Peter,NPC,Writer,5,12,4,Super Taster,,21,21,15,Human,Cautious,,
Pheonix,NPC,Preceptor,8,23,2,Unhelpful,,8,129,23,Fairy,Optimistic,,
Phoebe,NPC,Chef,19,19,6,Super Taster,,2,73,5,Luskin,Cautious,,
Piper,NPC,Gymnast,24,12,3,Speedster,,3,115,13,Human,Elderly,,
Poppy,NPC,Artist,12,12,3,Keen Eyes,,16,198,2,Ethalins,Sensitive,,
Rayen,NPC,Gymnast,3,17,4,Armstrong,,1,43,22,Ethalins,Scared,,
Raz,NPC,Writer,25,5,1,Sweet Liar,,15,167,3,Human,Scared,,
Riley,NPC,Animal Trainer,11,19,3,Truth Seeker,,10,145,11,Human,Bleeding,,
Robert,NPC,Artist,23,16,4,Speedster,,7,55,13,Technokin,Pessimistic,,
Roman,NPC,Robo-tech,4,5,5,Sweet Liar,,14,158,8,Human,Sensitive,,
Rowena,NPC,Preceptor,5,4,5,Armstrong,,18,7,5,Goblin,Optimistic,,
Ruby,NPC,Botanist ,15,21,6,Unhelpful,,3,137,9,Boktonian,Elderly,,
Ryan,NPC,Chef,24,16,7,Speedster,,9,190,5,Bastian,Optimistic,,
Ryder,NPC,Surgeon,6,5,4,Speedster,,8,75,20,Human,Sensitive,,
Ryker,NPC,Writer,17,24,5,Observant,,14,118,13,Esparan,Bleeding,,
Sacnicte,NPC,Chef,23,26,2,Speedster,,12,111,6,Technokin,Scared,,
Sacnite,NPC,Time Caster,22,24,3,Armstrong,,17,122,3,Ogre,Elderly,,
Salik,NPC,Artist,16,6,3,Nimble,,19,139,6,Technokin,Macho,,
Samuel,NPC,Artist,12,25,5,Stubborn,,10,46,14,Esparan,Serious,,
Saskia,NPC,Angler,20,9,4,Unhelpful,,21,41,15,Goblin,Scared,,
Saturn,NPC,Writer,6,10,4,Stubborn,,19,16,13,Human,Optimistic,,
Savannah,NPC,Angler,7,4,4,Armstrong,,20,178,21,Technokin,Optimistic,,
Sayen,NPC,Gymnast,24,13,6,Speedster,,12,103,9,Bastian,Cautious,,
Scarlett,NPC,Animal Trainer,14,11,3,Nimble,,19,191,17,Luskin,Macho,,
Sebastian,NPC,Artist,14,7,5,Speedster,,4,173,25,Fairy,Sensitive,,
Shandiin,NPC,Gymnast,25,6,1,Sweet Liar,,16,80,19,Bastian,Scared,,
Simon,NPC,Surgeon,13,9,5,Observant,,9,169,7,Esparan,Cautious,,Sing for Simon  (https://www.notion.so/Sing-for-Simon-10908c44b7d780d2aec9f3f1e801901e?pvs=21)
Sophia,NPC,Preceptor,25,2,1,Speedster,,10,87,4,Ogre,Scared,,
Stella,NPC,Chef,20,16,6,Talkative,,17,13,18,Bastian,Cautious,,
Sullivan,NPC,Robo-tech,17,13,5,Unhelpful,,6,67,22,Luskin,Cautious,,
Tahlako,NPC,Time Caster,21,18,3,Unhelpful,,15,113,5,Bastian,Elderly,,
Talia,NPC,Animal Trainer,26,16,2,Truth Seeker,,16,51,23,Goblin,Sensitive,,
Tamya,NPC,Artist,13,2,7,Nimble,,17,14,3,Esparan,Scared,,
Taqqiq ,NPC,Robo-tech,21,13,4,Sweet Liar,,2,46,3,Bastian,Serious,,
Tarqik ,NPC,Angler,20,7,5,Speedster,,16,199,13,Ethalins,Agile,,
Tarquin,NPC,Botanist ,1,5,5,Super Taster,,13,136,21,Human,Macho,,
Tashina,NPC,Time Caster,11,16,4,Keen Eyes,,15,183,3,Ogre,Serious,,
Tasunka,NPC,Robo-tech,6,17,2,Armstrong,,2,120,17,Ogre,Cautious,,
Tatanka,NPC,Angler,18,24,4,Stubborn,,7,95,20,Technokin,Macho,,
Tayanita,NPC,Time Caster,20,19,6,Keen Eyes,,16,63,5,Goblin,Sensitive,,
Taylor,NPC,Animal Trainer,7,18,1,Observant,,21,55,5,Luskin,Pessimistic,,
Telko,NPC,Preceptor,15,14,1,Talkative,,20,111,8,Ogre,Pessimistic,,A Challenge to Fisty Cuffs (https://www.notion.so/A-Challenge-to-Fisty-Cuffs-10908c44b7d780f08e08e9093d67a648?pvs=21)
Terra,NPC,Writer,14,10,6,Keen Eyes,,15,96,15,Ogre,Brainy,,
Tessa,NPC,Writer,25,12,3,Super Taster,,11,79,7,Bastian,Bleeding,,
Tessouat,NPC,Gymnast,11,22,4,Super Taster,,13,165,14,Luskin,Sensitive,,
Thea,NPC,Robo-tech,3,23,6,Stubborn,,9,118,7,Luskin,Sensitive,,
Tiberius,NPC,Writer,25,10,3,Stubborn,,11,133,21,Ogre,Sensitive,,
Tiriaq,NPC,Animal Trainer,16,14,2,Nimble,,1,47,7,Luskin,Serious,,
Tlalli,NPC,Surgeon,8,24,5,Truth Seeker,,18,15,6,Fairy,Optimistic,,
Tlaloc,NPC,Time Caster,18,4,3,Talkative,,14,162,7,Goblin,Scared,,
Tonalli ,NPC,Time Caster,18,13,6,Nimble,,12,105,18,Ethalins,Macho,,
Torin,NPC,Time Caster,4,9,6,Nimble,,15,66,11,Bastian,Small,,
Tosahwi,NPC,Time Caster,11,24,7,Keen Eyes,,11,16,20,Human,Elderly,,
Trinity,NPC,Surgeon,21,6,1,Stubborn,,8,162,24,Ethalins,Sensitive,,
Tuta,NPC,Writer,17,17,2,Sweet Liar,,19,190,22,Luskin,Cautious,,
Uiara,NPC,Artist,17,3,3,Keen Eyes,,17,184,17,Bastian,Pessimistic,,
Ulises,NPC,Surgeon,23,26,5,Super Taster,,20,36,26,Boktonian,Bleeding,,
Una,NPC,Preceptor,23,15,5,Speedster,,17,101,4,Ethalins,Sensitive,,
Undine,NPC,Gymnast,17,10,7,Observant,,7,70,3,Esparan,Young,,Save my child from the Monsters (https://www.notion.so/Save-my-child-from-the-Monsters-c9ec90e9c01e4b8485a3937843a28d93?pvs=21)
Urpi,NPC,Gymnast,20,8,4,Unhelpful,,18,3,19,Human,Cautious,,
Ursula,NPC,Botanist ,22,20,2,Unhelpful,,14,125,14,Technokin,Pessimistic,,
Urvi,NPC,Preceptor,15,6,5,Stubborn,,4,68,14,Fairy,Cautious,,
Usher,NPC,Time Caster,13,16,7,Talkative,,18,120,26,Ogre,Elderly,,
Wade,NPC,Surgeon,15,11,1,Unhelpful,,9,165,9,Technokin,Scared,,
Walela,NPC,Angler,21,3,2,Sweet Liar,,6,82,12,Human,Sensitive,,
Walker,NPC,Gymnast,18,14,4,Speedster,,3,198,8,Ethalins,Serious,,
Waman,NPC,Time Caster,21,17,1,Stubborn,,16,155,16,Ethalins,Sensitive,,
Wambdi ,NPC,Chef,3,4,6,Keen Eyes,,19,137,11,Human,Serious,,
Wayna,NPC,Chef,5,10,4,Nimble,,3,49,18,Goblin,Cautious,,
Wayra,NPC,Robo-tech,1,16,1,Talkative,,13,32,15,Technokin,Scared,,
Wells,NPC,Animal Trainer,22,1,4,Sweet Liar,,8,40,15,Esparan,Macho,,
Whitley,NPC,Angler,5,18,3,Speedster,,19,3,7,Luskin,Optimistic,,
Willka,NPC,Botanist ,18,1,3,Stubborn,,14,12,8,Technokin,Serious,,
Willow,NPC,Gymnast,20,21,7,Keen Eyes,,2,190,16,Ethalins,Bleeding,,
Winona,NPC,Writer,18,8,7,Armstrong,,15,7,3,Esparan,Scared,,
Winter,NPC,Writer,25,14,5,Armstrong,,5,14,21,Technokin,Strong,,
Zelda,NPC,Robo-tech,7,16,5,Keen Eyes,,16,154,9,Ethalins,Bleeding,,
Zyanya,NPC,Preceptor,19,25,4,Talkative,,16,6,10,Esparan,Elderly,,
Bobbie,"NPC, Shop Owner",Botanist ,12,25,3,"Cleave, Observant",,12,120,33,Boktonian,Brainy,Bobbie’s Bountiful (https://www.notion.so/Bobbie-s-Bountiful-b4e639d64e544bf99289715e22acf262?pvs=21),
Edward Kindheart,"Department of Unknowns, NPC",Writer,45,20,2,Talkative,Blessed (https://www.notion.so/Blessed-ae6d5e1aa9ff4b8fb4ed5f427e0b9893?pvs=21),60,480,28,Bastian,Optimistic,,Edward’s Sister is Missing (https://www.notion.so/Edward-s-Sister-is-Missing-10808c44b7d780cd9635d8637256581e?pvs=21)
Tiimmy,"Lost NPC, NPC, Quest",,6,8,2,Nimble,,1,45,7,Ethalins,Young,,
Tammy,"Lost NPC, NPC, Quest",,15,18,2,Stubborn,,3,120,8,Ethalins,Egotistical,,Timmy in the well (https://www.notion.so/Timmy-in-the-well-b59f2d3c97754293b22a9bc1e882e063?pvs=21)
Sir Alister Dratch,Notable NPC,Artist,22,19,2,Sweet Liar,,26,600,45,Human,Pessimistic,,
Rosa Kingslayer,"Department of Unknowns, NPC",Time Caster,12,28,3,Keen Eyes,,42,680,46,Bastian,Friendly,,
Sturgeon General,Notable NPC,Angler,85,46,3,Armstrong,,86,1280,47,Bastian,Strong,,
Bunny Bimbo,"Bimbo, Notable NPC",Surgeon,28,75,2,Talkative,,66,1320,82,Luskin,Hungry,,
Dorian,"Cohort, Department of Unknowns, NPC",Chef,25,12,2,"Armstrong, Cleave, Meal Preperation",,12,120,10,Ogre,Serious,,
Sallah,"Cohort, Department of Unknowns, NPC",Animal Trainer,10,20,2,Keen Eyes,,12,150,16,Boktonian,Anxious,,
Alessandra,"Cohort, Department of Unknowns, NPC",Preceptor,12,12,3,Sweet Liar,,12,120,26,Luskin,Cautious,,
Seltzer,"Cohort, Department of Unknowns, NPC",Robo-tech,17,17,2,"Robo-Pet, Truth Seeker",,12,200,16,Technokin,Friendly,,
Krit Krat,"NPC, Shop Owner",Surgeon,30,10,2,Observant,,15,500,10,Bastian,Greedy,Krits Krat’s Crackers (https://www.notion.so/Krits-Krat-s-Crackers-e490235ea76e48678abc50699ee86bd7?pvs=21),Find me some hides (https://www.notion.so/Find-me-some-hides-15c0f0c3cb5e48ab9749d058749186c8?pvs=21)
Glorg,"NPC, Shop Owner",Angler,54,12,2,Stubborn,,22,322,25,Ogre,Cautious,Glorgs Guzzling Potion Tavern  (https://www.notion.so/Glorgs-Guzzling-Potion-Tavern-a925589a33da4496977874af71c83432?pvs=21),Join a Guild with Glorg (https://www.notion.so/Join-a-Guild-with-Glorg-10908c44b7d780079151d3b4a3078991?pvs=21)
Jane,Bimbo,Botanist ,13,10,3,"Armstrong, Keen Eyes",,45,1200,22,Boktonian,Anxious,,Jane needs a new dress (https://www.notion.so/Jane-needs-a-new-dress-48ba4441bf8d44059085ce228f641951?pvs=21)
Gertrude,"Quest, Rainbow Guard",Robo-tech,22,12,4,"Observant, Robo-Pet",,45,300,10,Ethalins,Optimistic,City hall - Echocondria (https://www.notion.so/City-hall-Echocondria-86784caf6dc64fba84a44da0dd3c4e9a?pvs=21),Gertrude lost her family portrait (https://www.notion.so/Gertrude-lost-her-family-portrait-f042f20dc3b2447eb9425bbe745d2ec7?pvs=21)
Tonny,Shop Worker,Writer,8,12,2,"Talkative, Truth Seeker",,15,100,13,Human,Slow,Mechanical’s Delux Shop (https://www.notion.so/Mechanical-s-Delux-Shop-7a40ccd79d3a4e8db682fcc929b71338?pvs=21),Timmy in the well (https://www.notion.so/Timmy-in-the-well-b59f2d3c97754293b22a9bc1e882e063?pvs=21)
Dr. Robotanist,Quest,Botanist ,15,15,3,"Gadget Gadget Go, Sweet Liar, Unhelpful",,20,1200,25,Esparan,Elderly,,Dr. Robotanist Strikes Again (https://www.notion.so/Dr-Robotanist-Strikes-Again-10808c44b7d7807db8c2d90c4a643f0f?pvs=21)
Jake,"NPC, Quest",Gymnast,14,12,4,"Nimble, Observant",,22,300,10,Fairy,Friendly,,"Special Delivery for You (https://www.notion.so/Special-Delivery-for-You-10808c44b7d7808b9de3c79de1b282cc?pvs=21), Jake lost his friends (https://www.notion.so/Jake-lost-his-friends-10908c44b7d7808ab954f0c8015b8a4d?pvs=21)"
Janet,,,,,,,,,,,,,,Frogs Forever (https://www.notion.so/Frogs-Forever-10808c44b7d7801b90bac8359f8de391?pvs=21)
Mandy,,,,,,,,,,,,,,"Manic Mandy (https://www.notion.so/Manic-Mandy-10808c44b7d78030bd4aff4ae4880744?pvs=21), One painting Please (https://www.notion.so/One-painting-Please-070b458e88c94dd2b6e97672acf03f71?pvs=21)"
Dr. A Gon,"NPC, Quest",Surgeon,13,13,3,"Cleave, Nimble",,23,333,33,Esparan,Pessimistic,,Dr. A. Gon Needs New Tools (https://www.notion.so/Dr-A-Gon-Needs-New-Tools-e66e6542751041d7b56fb5c968820e21?pvs=21)
Daisy,"NPC, Quest",Time Caster,5,15,3,Unhelpful,,15,600,20,Luskin,Cautious,,Daisy’s Lost Stuff (https://www.notion.so/Daisy-s-Lost-Stuff-10908c44b7d780ce9581ea7b44fa5fa6?pvs=21)
Julie,"NPC, Quest",Artist,6,12,4,Unhelpful,,1,10,8,Goblin,Young,Biggest Pet Shop (https://www.notion.so/Biggest-Pet-Shop-10908c44b7d780e89d65c8f65558bbf1?pvs=21),Come here Kitty (https://www.notion.so/Come-here-Kitty-10908c44b7d780e29af9ece31d8a379e?pvs=21)
Blitz Lightning,,,,,,,,,,,,,,Blitz Lightning needs Help (https://www.notion.so/Blitz-Lightning-needs-Help-10908c44b7d78001ad34fb3f306fe5af?pvs=21)
Jose,,,,,,,,,,,,,,Jose’s cat in a tree (https://www.notion.so/Jose-s-cat-in-a-tree-10908c44b7d780f489b9cbf8945753e6?pvs=21)
Fishy Joe,,,,,,,,,,,,,,Fishy Joe needs Fish (https://www.notion.so/Fishy-Joe-needs-Fish-10908c44b7d780d08063ddd5540faadd?pvs=21)
Penny,,,,,,,,,,,,,,Flower Power Penny (https://www.notion.so/Flower-Power-Penny-10908c44b7d780b18e7ad5a0c8196f41?pvs=21)
Paulkin,,Preceptor,,,,,,,,,Technokin,Greedy,,Greedy Technokin (https://www.notion.so/Greedy-Technokin-10908c44b7d7804fbce0d22a0716b428?pvs=21)
